method_public_name,stratum_type,stratum_value,n_gaps,day_weighted_mae,rmse,median_ae
TS-ICL (satellite chlorophyll proxy covariate),gap_length,L=1,99,0.106,0.1436,0.0907
Linear interpolation baseline,gap_length,L=1,99,0.1077,0.145,0.0883
TS-ICL (satellite chlorophyll proxy covariate),gap_length,L=3,100,0.1222,0.1626,0.0878
Linear interpolation baseline,gap_length,L=3,100,0.1329,0.1748,0.1057
TS-ICL (satellite chlorophyll proxy covariate),gap_length,L=7,100,0.1796,0.2451,0.1363
Linear interpolation baseline,gap_length,L=7,100,0.1904,0.2614,0.1426
TS-ICL (satellite chlorophyll proxy covariate),gap_length,L=10,100,0.2088,0.2894,0.1563
Linear interpolation baseline,gap_length,L=10,100,0.2252,0.3142,0.1656
TS-ICL (satellite chlorophyll proxy covariate),gap_length,L=14,100,0.2345,0.3101,0.1825
Linear interpolation baseline,gap_length,L=14,100,0.2535,0.3414,0.1941
TS-ICL (satellite chlorophyll proxy covariate),gap_length,L=21,80,0.2531,0.3328,0.2059
Linear interpolation baseline,gap_length,L=21,80,0.2747,0.3615,0.2195
TS-ICL (satellite chlorophyll proxy covariate),gap_length,L=30,50,0.2542,0.3376,0.2035
Linear interpolation baseline,gap_length,L=30,50,0.2779,0.3622,0.2279
TS-ICL (satellite chlorophyll proxy covariate),gap_length,L=45,29,0.2923,0.394,0.2194
Linear interpolation baseline,gap_length,L=45,29,0.3578,0.4559,0.2937
TS-ICL (satellite chlorophyll proxy covariate),gap_length,L=60,22,0.2766,0.3585,0.2274
Linear interpolation baseline,gap_length,L=60,22,0.3094,0.4092,0.2397
TS-ICL (satellite chlorophyll proxy covariate),gap_length,L=1,100,0.1059,0.1432,0.0906
Gaussian process (time-only),gap_length,L=1,100,0.1032,0.1406,0.0786
Gaussian process (time-only),gap_length,L=3,100,0.129,0.1708,0.0909
Gaussian process (time-only),gap_length,L=7,100,0.1989,0.2637,0.1615
Gaussian process (time-only),gap_length,L=10,100,0.2273,0.3066,0.1769
Gaussian process (time-only),gap_length,L=14,100,0.2481,0.3266,0.1964
Gaussian process (time-only),gap_length,L=21,80,0.2755,0.3508,0.2253
Gaussian process (time-only),gap_length,L=30,50,0.266,0.3495,0.2153
Gaussian process (time-only),gap_length,L=45,29,0.3065,0.398,0.2405
Gaussian process (time-only),gap_length,L=60,22,0.319,0.4026,0.2626
Engineered hybrid pipeline (validation-aware method assignment),gap_length,L=1,100,0.1032,0.1406,0.0786
Engineered hybrid pipeline (validation-aware method assignment),gap_length,L=3,100,0.129,0.1708,0.0909
Engineered hybrid pipeline (validation-aware method assignment),gap_length,L=7,100,0.1891,0.2604,0.1424
Engineered hybrid pipeline (validation-aware method assignment),gap_length,L=10,100,0.2233,0.3128,0.1632
Engineered hybrid pipeline (validation-aware method assignment),gap_length,L=14,100,0.2523,0.3406,0.1917
Engineered hybrid pipeline (validation-aware method assignment),gap_length,L=21,80,0.2754,0.3639,0.2175
Engineered hybrid pipeline (validation-aware method assignment),gap_length,L=30,50,0.2651,0.3453,0.2164
Engineered hybrid pipeline (validation-aware method assignment),gap_length,L=45,29,0.3173,0.4188,0.247
Engineered hybrid pipeline (validation-aware method assignment),gap_length,L=60,22,0.2938,0.3953,0.2327
"TS-ICL (target-only, no covariates)",gap_length,L=1,100,0.106,0.145,0.0831
"TS-ICL (target-only, no covariates)",gap_length,L=3,100,0.1231,0.1626,0.0913
"TS-ICL (target-only, no covariates)",gap_length,L=7,100,0.186,0.255,0.139
"TS-ICL (target-only, no covariates)",gap_length,L=10,100,0.2134,0.2948,0.1593
"TS-ICL (target-only, no covariates)",gap_length,L=14,100,0.2385,0.3134,0.1874
"TS-ICL (target-only, no covariates)",gap_length,L=21,80,0.2607,0.3379,0.2137
"TS-ICL (target-only, no covariates)",gap_length,L=30,50,0.2594,0.3394,0.2114
"TS-ICL (target-only, no covariates)",gap_length,L=45,29,0.303,0.4004,0.2302
"TS-ICL (target-only, no covariates)",gap_length,L=60,22,0.2906,0.3695,0.2472
TS-ICL (wind/upwelling forcing covariate),gap_length,L=1,100,0.1102,0.1477,0.0895
TS-ICL (wind/upwelling forcing covariate),gap_length,L=3,100,0.1202,0.156,0.0967
TS-ICL (wind/upwelling forcing covariate),gap_length,L=7,100,0.183,0.2456,0.1352
TS-ICL (wind/upwelling forcing covariate),gap_length,L=10,100,0.2094,0.2858,0.1571
TS-ICL (wind/upwelling forcing covariate),gap_length,L=14,100,0.2301,0.3054,0.1763
TS-ICL (wind/upwelling forcing covariate),gap_length,L=21,80,0.2583,0.3351,0.208
TS-ICL (wind/upwelling forcing covariate),gap_length,L=30,50,0.2566,0.3342,0.2051
TS-ICL (wind/upwelling forcing covariate),gap_length,L=45,29,0.3062,0.4049,0.2407
TS-ICL (wind/upwelling forcing covariate),gap_length,L=60,22,0.2874,0.3672,0.235
TS-ICL (curated physical-forcing covariate set),gap_length,L=1,100,0.1036,0.1406,0.0902
TS-ICL (curated physical-forcing covariate set),gap_length,L=3,100,0.1226,0.1628,0.0927
TS-ICL (curated physical-forcing covariate set),gap_length,L=7,100,0.186,0.2507,0.1443
TS-ICL (curated physical-forcing covariate set),gap_length,L=10,100,0.2133,0.2948,0.1581
TS-ICL (curated physical-forcing covariate set),gap_length,L=14,100,0.2343,0.3085,0.1856
TS-ICL (curated physical-forcing covariate set),gap_length,L=21,80,0.2565,0.3343,0.2098
TS-ICL (curated physical-forcing covariate set),gap_length,L=30,50,0.2543,0.3371,0.2092
TS-ICL (curated physical-forcing covariate set),gap_length,L=45,29,0.3003,0.4003,0.2284
TS-ICL (curated physical-forcing covariate set),gap_length,L=60,22,0.2836,0.3646,0.238
TS-ICL (wind/upwelling forcing covariate),gap_length,L=1,99,0.1102,0.148,0.0888
TS-ICL (curated physical-forcing covariate set),gap_length,L=1,99,0.1037,0.141,0.09
TS-ICL (ocean current/transport covariate),gap_length,L=1,100,0.1344,0.1793,0.0998
TS-ICL (ocean current/transport covariate),gap_length,L=3,100,0.1311,0.1743,0.0974
TS-ICL (ocean current/transport covariate),gap_length,L=7,100,0.197,0.2684,0.1545
TS-ICL (ocean current/transport covariate),gap_length,L=10,100,0.2224,0.3004,0.1661
TS-ICL (ocean current/transport covariate),gap_length,L=14,100,0.2489,0.3248,0.192
TS-ICL (ocean current/transport covariate),gap_length,L=21,80,0.2785,0.3579,0.2338
TS-ICL (ocean current/transport covariate),gap_length,L=30,50,0.271,0.3494,0.2259
TS-ICL (ocean current/transport covariate),gap_length,L=45,29,0.3108,0.4077,0.2444
TS-ICL (ocean current/transport covariate),gap_length,L=60,22,0.298,0.3779,0.2605
Monthly climatology baseline,gap_length,L=1,99,0.372,0.4547,0.3417
Monthly climatology baseline,gap_length,L=3,100,0.3657,0.4569,0.305
Monthly climatology baseline,gap_length,L=7,100,0.351,0.4397,0.2926
Monthly climatology baseline,gap_length,L=10,100,0.3458,0.4433,0.2918
Monthly climatology baseline,gap_length,L=14,100,0.3445,0.4352,0.2938
Monthly climatology baseline,gap_length,L=21,80,0.3488,0.438,0.2993
Monthly climatology baseline,gap_length,L=30,50,0.3541,0.451,0.2903
Monthly climatology baseline,gap_length,L=45,29,0.3652,0.4576,0.31
Monthly climatology baseline,gap_length,L=60,22,0.3459,0.4334,0.3005
Gaussian process (time-only),gap_length,L=1,99,0.1042,0.1413,0.0806
Engineered hybrid pipeline (validation-aware method assignment),gap_length,L=1,99,0.1042,0.1413,0.0806
TS-ICL (satellite chlorophyll proxy covariate),season,DJF,187,0.2817,0.39,0.2101
Linear interpolation baseline,season,DJF,187,0.3045,0.4127,0.2295
TS-ICL (satellite chlorophyll proxy covariate),season,JJA,137,0.1685,0.2182,0.1335
Linear interpolation baseline,season,JJA,137,0.2052,0.2675,0.1616
TS-ICL (satellite chlorophyll proxy covariate),season,MAM,170,0.2371,0.3095,0.1833
Linear interpolation baseline,season,MAM,170,0.249,0.3253,0.1953
TS-ICL (satellite chlorophyll proxy covariate),season,SON,186,0.2661,0.3428,0.2202
Linear interpolation baseline,season,SON,186,0.3058,0.4044,0.2391
Gaussian process (time-only),season,DJF,187,0.2938,0.3961,0.2233
TS-ICL (satellite chlorophyll proxy covariate),season,JJA,138,0.1684,0.2182,0.1335
Gaussian process (time-only),season,JJA,138,0.1887,0.2423,0.1555
Gaussian process (time-only),season,MAM,170,0.2608,0.3318,0.2139
Gaussian process (time-only),season,SON,186,0.2895,0.3694,0.2345
Engineered hybrid pipeline (validation-aware method assignment),season,DJF,187,0.2978,0.4116,0.2204
Engineered hybrid pipeline (validation-aware method assignment),season,JJA,138,0.1988,0.2533,0.1582
Engineered hybrid pipeline (validation-aware method assignment),season,MAM,170,0.2379,0.3112,0.1857
Engineered hybrid pipeline (validation-aware method assignment),season,SON,186,0.2886,0.3853,0.2256
"TS-ICL (target-only, no covariates)",season,DJF,187,0.285,0.3895,0.2134
"TS-ICL (target-only, no covariates)",season,JJA,138,0.1805,0.2331,0.143
"TS-ICL (target-only, no covariates)",season,MAM,170,0.2479,0.3192,0.1993
"TS-ICL (target-only, no covariates)",season,SON,186,0.2707,0.3477,0.222
TS-ICL (wind/upwelling forcing covariate),season,DJF,187,0.2826,0.3822,0.2149
TS-ICL (wind/upwelling forcing covariate),season,JJA,138,0.1833,0.2384,0.1472
TS-ICL (wind/upwelling forcing covariate),season,MAM,170,0.2424,0.3182,0.1913
TS-ICL (wind/upwelling forcing covariate),season,SON,186,0.2654,0.3414,0.2173
TS-ICL (curated physical-forcing covariate set),season,DJF,187,0.2878,0.3939,0.2147
TS-ICL (curated physical-forcing covariate set),season,JJA,138,0.1735,0.2251,0.1371
TS-ICL (curated physical-forcing covariate set),season,MAM,170,0.2392,0.3112,0.1931
TS-ICL (curated physical-forcing covariate set),season,SON,186,0.2676,0.3433,0.2201
TS-ICL (wind/upwelling forcing covariate),season,JJA,137,0.1834,0.2384,0.1472
TS-ICL (curated physical-forcing covariate set),season,JJA,137,0.1736,0.2251,0.1372
TS-ICL (ocean current/transport covariate),season,DJF,187,0.3006,0.4043,0.225
TS-ICL (ocean current/transport covariate),season,JJA,138,0.1996,0.2525,0.1632
TS-ICL (ocean current/transport covariate),season,MAM,170,0.2517,0.3262,0.2022
TS-ICL (ocean current/transport covariate),season,SON,186,0.278,0.3541,0.2336
Monthly climatology baseline,season,DJF,187,0.4048,0.5201,0.3298
Monthly climatology baseline,season,JJA,137,0.3,0.3481,0.2826
Monthly climatology baseline,season,MAM,170,0.352,0.4417,0.2926
Monthly climatology baseline,season,SON,186,0.3343,0.4217,0.279
Gaussian process (time-only),season,JJA,137,0.1888,0.2424,0.1556
Engineered hybrid pipeline (validation-aware method assignment),season,JJA,137,0.1989,0.2533,0.1586
TS-ICL (satellite chlorophyll proxy covariate),event_status,event=True,199,0.2916,0.3862,0.2308
Linear interpolation baseline,event_status,event=True,199,0.3229,0.4272,0.2505
TS-ICL (satellite chlorophyll proxy covariate),event_status,event=False,481,0.2052,0.2732,0.1579
Linear interpolation baseline,event_status,event=False,481,0.2295,0.3042,0.178
Gaussian process (time-only),event_status,event=True,199,0.3158,0.4071,0.2554
TS-ICL (satellite chlorophyll proxy covariate),event_status,event=False,482,0.2052,0.2732,0.1579
Gaussian process (time-only),event_status,event=False,482,0.2212,0.2888,0.1758
Engineered hybrid pipeline (validation-aware method assignment),event_status,event=True,199,0.3087,0.415,0.2371
Engineered hybrid pipeline (validation-aware method assignment),event_status,event=False,482,0.2219,0.2937,0.171
"TS-ICL (target-only, no covariates)",event_status,event=True,199,0.301,0.3934,0.2423
"TS-ICL (target-only, no covariates)",event_status,event=False,482,0.2108,0.2771,0.1678
TS-ICL (wind/upwelling forcing covariate),event_status,event=True,199,0.2998,0.39,0.2441
TS-ICL (wind/upwelling forcing covariate),event_status,event=False,482,0.2066,0.2733,0.1618
TS-ICL (curated physical-forcing covariate set),event_status,event=True,199,0.2991,0.3934,0.2388
TS-ICL (curated physical-forcing covariate set),event_status,event=False,482,0.2058,0.2712,0.1609
TS-ICL (wind/upwelling forcing covariate),event_status,event=False,481,0.2066,0.2734,0.1619
TS-ICL (curated physical-forcing covariate set),event_status,event=False,481,0.2058,0.2712,0.161
TS-ICL (ocean current/transport covariate),event_status,event=True,199,0.3136,0.4043,0.2579
TS-ICL (ocean current/transport covariate),event_status,event=False,482,0.2209,0.289,0.1738
Monthly climatology baseline,event_status,event=True,199,0.3476,0.4495,0.2828
Monthly climatology baseline,event_status,event=False,481,0.3546,0.4384,0.3136
Gaussian process (time-only),event_status,event=False,481,0.2213,0.2888,0.1759
Engineered hybrid pipeline (validation-aware method assignment),event_status,event=False,481,0.2219,0.2937,0.1711
