date,chl_mean,target_eligible_default,chl_satellite_proxy_log10,wind_spd_ms,sst_primary_degC,gap_id,in_real_gap
2015-07-01,,False,0.4081271752100862,2.5030070179304005,13.270989990234398,REAL_L010_20150701,True
2015-07-02,,False,0.1141879894243554,3.072794319571573,13.269982910156273,REAL_L010_20150701,True
2015-07-03,,False,0.8937698508352866,3.931441302556843,13.260980224609398,REAL_L010_20150701,True
2015-07-04,,False,0.0018927415168657,1.96999251058584,13.451989746093773,REAL_L010_20150701,True
2015-07-05,,False,,2.624734478862998,13.463983154296898,REAL_L010_20150701,True
2015-07-06,,False,,3.151431251117919,13.244989013671898,REAL_L010_20150701,True
2015-07-07,,False,-0.0257026039279603,3.459846023390915,13.356988525390648,REAL_L010_20150701,True
2015-07-08,,False,0.1015851535747478,3.666892296841857,13.415002441406273,REAL_L010_20150701,True
2015-07-09,,False,-0.3482124682538108,3.832990564689734,13.698999023437525,REAL_L010_20150701,True
2015-07-10,,False,-0.3568873593634215,3.557496722572775,12.947991943359398,REAL_L010_20150701,True
2015-07-11,,False,,2.750818426278059,13.762994384765648,REAL_L010_20150701,True
2015-07-12,,False,,0.6301097553940996,13.644982910156273,REAL_L010_20150701,True
2015-07-13,,False,-0.0799650344942554,4.191603356163245,13.514001464843773,REAL_L010_20150701,True
2015-07-14,1.682909090909091,False,0.0619278547932671,4.711288305693491,13.446984863281273,REAL_L010_20150701,True
2015-07-15,1.0390833333333334,True,-0.0613902942607523,3.629270951645412,13.394982910156273,REAL_L010_20150701,False
2015-07-16,0.9799166666666668,True,0.1802540717336293,4.365234770399775,13.433984375000025,REAL_L010_20150701,False
2015-07-17,0.9585,True,0.2337972099940609,4.241748108963193,13.894006347656273,REAL_L010_20150701,False
2015-07-18,1.6441666666666663,True,-0.2769312368228334,4.285698780470425,13.997979736328148,REAL_L010_20150701,False
2015-07-19,3.1671666666666667,True,-0.2493283017401163,6.351962738997608,13.554986572265648,REAL_L010_20150701,False
2015-07-20,4.803541666666667,True,0.5512970623423706,5.234748199729681,13.221002197265648,REAL_L010_20150701,False
2015-07-21,5.633541666666666,True,0.0231177610468674,4.107361426125861,13.132989501953148,REAL_L010_20150701,False
2015-07-22,8.091583333333334,True,0.0979092207256271,2.3086571091548107,13.288995361328148,REAL_L010_20150701,False
2015-07-23,7.7175,True,0.5252121017101302,3.5444461062909154,13.413995361328148,REAL_L010_20150701,False
2015-07-24,10.013875,True,0.1110847803012224,2.9986934196594173,13.441979980468773,REAL_L010_20150701,False
2015-07-25,11.933458333333334,True,0.0387920437291457,3.0217886070255107,13.631982421875025,REAL_L010_20150701,False
2015-07-26,12.118458333333333,True,,2.8086106497963503,13.286004638671898,REAL_L010_20150701,False
2015-07-27,10.598291666666666,True,-0.0355901373287508,1.3634441711466982,13.153985595703148,REAL_L010_20150701,False
2015-07-28,7.710791666666666,True,0.0060232241508599,3.4754856625139934,13.469995117187525,REAL_L010_20150701,False
2015-07-29,6.958833333333334,True,-0.198587445822871,2.968585737929601,13.196008300781273,REAL_L010_20150701,False
2015-07-30,7.116791666666667,True,0.4298664804221389,1.5164928567550588,13.127008056640648,REAL_L010_20150701,False
2015-07-31,6.095624999999999,True,0.3488211183598327,2.9414299469152216,13.141992187500025,REAL_L010_20150701,False
2015-08-01,3.984291666666666,True,0.2955654799565793,4.267015898200576,13.137994384765648,REAL_L010_20150701,False
2015-08-02,4.658458333333333,True,0.3563559281260455,4.385080296112191,13.166986083984398,REAL_L010_20150701,False
2015-08-03,4.077375,True,,4.993294878456618,13.383996582031273,REAL_L010_20150701,False
2015-08-04,6.1297500000000005,False,0.919998193415432,1.1088733740642636,13.646997070312525,REAL_L010_20150701,False
2015-08-05,,False,,1.0059944682472268,13.701989746093773,REAL_L010_20150701,False
2015-08-06,,False,,4.114648330736532,13.504998779296898,REAL_L010_20150701,False
2015-08-07,,False,-0.4467255989826605,4.29104628097086,13.361993408203148,REAL_L010_20150701,False
2015-08-08,,False,,11.353540264744865,13.430993652343773,REAL_L010_20150701,False
2015-08-09,,False,-0.2385377694918979,0.9784632448716076,13.422998046875025,REAL_L010_20150701,False
2015-08-10,,False,-0.4061263607101208,3.00522336041304,13.322991943359398,REAL_L010_20150701,False
2015-08-11,,False,-0.3108742405899222,4.802713023451946,13.086999511718773,REAL_L010_20150701,False
2015-08-12,,False,,3.0234417764743573,12.972985839843773,REAL_L010_20150701,False
2015-08-13,,False,-0.267212503305788,3.075313632733464,13.058007812500025,REAL_L010_20150701,False
2015-08-14,,False,1.2075141582070803,3.557083791567653,13.635003662109398,REAL_L010_20150701,False
2015-08-15,,False,-0.1546880170887364,5.658011410897084,13.504998779296898,REAL_L010_20150701,False
2015-08-16,,False,-0.2546588925608556,3.0976813884239505,13.363000488281273,REAL_L010_20150701,False
2015-08-17,,False,0.9936653499584692,2.5653789698083447,13.485986328125025,REAL_L010_20150701,False
2015-08-18,4.099230769230769,False,1.1159056407421863,3.7316770247036257,13.627984619140648,REAL_L010_20150701,False
2015-08-19,4.897833333333334,True,,1.2894525316662626,13.620996093750025,REAL_L010_20150701,False
2015-08-20,2.565583333333333,True,0.6858046204070448,0.9624203218408904,13.682000732421898,REAL_L010_20150701,False
2015-08-21,1.9542916666666663,True,-0.0536832751531288,1.8796204290298488,13.745996093750025,REAL_L010_20150701,False
2015-08-22,1.8032083333333333,True,-0.1657925963117446,3.8511658454364,13.831994628906273,REAL_L010_20150701,False
2015-08-23,3.5695833333333336,True,0.8159158258229554,3.800937238366695,13.934991455078148,REAL_L010_20150701,False
2015-08-24,6.666458333333334,True,-0.5076603723235591,2.262103633853939,13.946008300781273,REAL_L010_20150701,False
2015-08-25,4.984666666666667,True,0.036686444812109,2.13628478743443,14.137994384765648,REAL_L010_20150701,False
2015-08-26,3.1843333333333335,True,0.0087647875000156,3.8880422930306624,14.174981689453148,REAL_L010_20150701,False
2015-08-27,3.4482500000000003,True,0.2296026128621364,2.757914688704996,14.158990478515648,REAL_L010_20150701,False
2015-08-28,6.541875,True,0.1592580667356004,3.362173548846575,14.083001708984398,REAL_L010_20150701,False
2015-08-29,8.607291666666667,True,0.3769761779044424,4.8880796339598005,14.141992187500025,REAL_L010_20150701,False
2015-08-30,8.854125000000002,True,-0.0860262560662125,3.048363440510776,14.340997314453148,REAL_L010_20150701,False
2015-08-31,5.351,True,-0.4897816020692915,1.5730363372861589,14.346978759765648,REAL_L010_20150701,False
2015-09-01,5.7035833333333334,True,-0.2504199676216978,0.724104428701541,14.312982177734398,REAL_L010_20150701,False
2015-09-02,5.207666666666667,True,-0.5145328207255878,1.193294951782722,14.314996337890648,REAL_L010_20150701,False
2015-09-03,2.7680833333333332,True,-0.1496022588229769,1.0017870106289477,14.348992919921898,REAL_L010_20150701,False
2015-09-04,2.55325,True,,1.8969660139753035,14.463006591796898,REAL_L010_20150701,False
2015-09-05,1.6928333333333334,True,,2.0120480715132505,14.937005615234398,REAL_L010_20150701,False
2015-09-06,0.963875,True,-0.3896128120516853,4.0166980769355884,14.541986083984398,REAL_L010_20150701,False
2015-09-07,1.531291666666667,True,-0.5431943340046481,2.4378261384991475,14.493981933593773,REAL_L010_20150701,False
2015-09-08,1.643541666666667,True,0.5811886677801562,4.703064979008021,14.502008056640648,REAL_L010_20150701,False
2015-09-09,1.5445000000000002,True,,5.0749108670774765,14.394006347656273,REAL_L010_20150701,False
2015-09-10,1.7497916666666666,True,0.9066281256960708,5.712905530810445,14.227990722656273,REAL_L010_20150701,False
2015-09-11,1.2012916666666666,True,0.0493644866649535,5.465099081266046,14.205987548828148,REAL_L010_20150701,False
2015-09-12,1.0795416666666666,True,1.2420149908579792,4.512519052741779,14.131982421875025,REAL_L010_20150701,False
